{"cameraMode":{"drawMode":0,"name":"Shaded","section":"Shading Mode"},"sceneLighting":false,"audioPlay":false,"sceneViewState":{"showFog":false,"showMaterialUpdate":true,"showSkybox":false,"showFlares":true,"showImageEffects":true,"showParticleSystems":true},"in2DMode":false,"pivot":{"x":0.0009002164006233215,"y":0.136601060628891,"z":-0.26375842094421389},"rotation":{"x":-0.08136004209518433,"y":0.9034458994865418,"z":-0.19865132868289948,"w":-0.37160608172416689},"size":2.6435911655426027,"orthographic":false}