{"cameraMode":{"drawMode":0,"name":"Shaded","section":"Shading Mode"},"sceneLighting":false,"audioPlay":false,"sceneViewState":{"showFog":false,"showMaterialUpdate":true,"showSkybox":false,"showFlares":true,"showImageEffects":true,"showParticleSystems":true},"in2DMode":false,"pivot":{"x":-0.7762165069580078,"y":-2.2935400009155275,"z":-0.1785736083984375},"rotation":{"x":0.12726092338562013,"y":-0.8098262548446655,"z":0.19070810079574586,"w":0.5401831865310669},"size":246.53578186035157,"orthographic":false}