{"cameraMode":{"drawMode":0,"name":"Shaded","section":"Shading Mode"},"sceneLighting":false,"audioPlay":false,"sceneViewState":{"showFog":false,"showMaterialUpdate":true,"showSkybox":true,"showFlares":true,"showImageEffects":true,"showParticleSystems":true},"in2DMode":false,"pivot":{"x":-320.03094482421877,"y":-147.9075927734375,"z":-67.4639892578125},"rotation":{"x":0.09851420670747757,"y":-0.8092047572135925,"z":0.14277496933937074,"w":0.5617052316665649},"size":1168.2449951171875,"orthographic":false}